https://testingcurve.wordpress.com/about/,https://testingcurve.wordpress.com/pages/about.html
https://testingcurve.wordpress.com/2012/01/02/introduction-share-your-learning-curve/,https://testingcurve.wordpress.com/posts/2012/01/02/introduction-share-your-learning-curve.html
https://testingcurve.wordpress.com/2012/01/15/the-seven-basic-principles-of-the-context-driven-school-part-one/,https://testingcurve.wordpress.com/posts/2012/01/15/the-seven-basic-principles-of-the-context-driven-school-part-one.html
https://testingcurve.wordpress.com/2012/02/05/the-seven-basic-principles-of-the-context-driven-school-part-two/,https://testingcurve.wordpress.com/posts/2012/02/05/the-seven-basic-principles-of-the-context-driven-school-part-two.html
https://testingcurve.wordpress.com/2012/03/30/the-seven-basic-principles-of-the-context-driven-school-part-not-three/,https://testingcurve.wordpress.com/posts/2012/03/30/the-seven-basic-principles-of-the-context-driven-school-part-not-three.html
https://testingcurve.wordpress.com/2012/04/09/the-irony-of-scripted-testing/,https://testingcurve.wordpress.com/posts/2012/04/09/the-irony-of-scripted-testing.html
https://testingcurve.wordpress.com/2012/04/29/some-thoughts-after-attending-the-getting-a-grip-on-exploratory-testing-workshop/,https://testingcurve.wordpress.com/posts/2012/04/29/some-thoughts-after-attending-the-getting-a-grip-on-exploratory-testing-workshop.html
https://testingcurve.wordpress.com/2012/05/18/lets-test-2012-time-travel-advice/,https://testingcurve.wordpress.com/posts/2012/05/18/lets-test-2012-time-travel-advice.html
https://testingcurve.wordpress.com/2012/07/09/yet-another-testing-model-value-information-processes-value/,https://testingcurve.wordpress.com/posts/2012/07/09/yet-another-testing-model-value-information-processes-value.html
https://testingcurve.wordpress.com/2012/07/15/vipt-intermezzo-models-and-the-unix-philosophy/,https://testingcurve.wordpress.com/posts/2012/07/15/vipt-intermezzo-models-and-the-unix-philosophy.html
https://testingcurve.wordpress.com/2012/07/17/vipt-bottom-up-or-top-down/,https://testingcurve.wordpress.com/posts/2012/07/17/vipt-bottom-up-or-top-down.html
https://testingcurve.wordpress.com/2012/07/29/vipt-how-to-teach-software-testing/,https://testingcurve.wordpress.com/posts/2012/07/29/vipt-how-to-teach-software-testing.html
https://testingcurve.wordpress.com/2012/09/13/measuring-review-coverage/,https://testingcurve.wordpress.com/posts/2012/09/13/measuring-review-coverage.html
https://testingcurve.wordpress.com/2012/11/08/dewt2-becoming-a-context-driven-tester/,https://testingcurve.wordpress.com/posts/2012/11/08/dewt2-becoming-a-context-driven-tester.html
https://testingcurve.wordpress.com/2013/02/18/lessons-learned-in-some-test-automation/,https://testingcurve.wordpress.com/posts/2013/02/18/lessons-learned-in-some-test-automation.html
https://testingcurve.wordpress.com/2013/04/28/dewt3-experience-report/,https://testingcurve.wordpress.com/posts/2013/04/28/dewt3-experience-report.html
https://testingcurve.wordpress.com/2013/06/23/why-your-product-risk-analysis-isnt/,https://testingcurve.wordpress.com/posts/2013/06/23/why-your-product-risk-analysis-isnt.html
https://testingcurve.wordpress.com/2013/07/06/test-cases-cant-do-m-no-more/,https://testingcurve.wordpress.com/posts/2013/07/06/test-cases-cant-do-m-no-more.html
https://testingcurve.wordpress.com/2013/07/15/why-i-dislike-test-management/,https://testingcurve.wordpress.com/posts/2013/07/15/why-i-dislike-test-management.html
https://testingcurve.wordpress.com/2013/08/03/five-leftover-thoughts-on-software-testing/,https://testingcurve.wordpress.com/posts/2013/08/03/five-leftover-thoughts-on-software-testing.html
https://testingcurve.wordpress.com/2014/07/13/information-debt/,https://testingcurve.wordpress.com/posts/2014/07/13/information-debt.html
https://testingcurve.wordpress.com/2014/08/23/joining-the-fray-on-iso-29119/,https://testingcurve.wordpress.com/posts/2014/08/23/joining-the-fray-on-iso-29119.html
https://testingcurve.wordpress.com/2015/02/01/the-test-case-an-epistemological-deconstruction/,https://testingcurve.wordpress.com/posts/2015/02/01/the-test-case-an-epistemological-deconstruction.html
https://testingcurve.wordpress.com/2015/02/10/three-arguments-against-the-verification-validation-dichotomy/,https://testingcurve.wordpress.com/posts/2015/02/10/three-arguments-against-the-verification-validation-dichotomy.html
https://testingcurve.wordpress.com/2015/03/24/test-automation-five-questions-leading-to-five-heuristics/,https://testingcurve.wordpress.com/posts/2015/03/24/test-automation-five-questions-leading-to-five-heuristics.html
https://testingcurve.wordpress.com/2015/08/17/whats-the-word-for-the-part-of-testing-thats-not-checking/,https://testingcurve.wordpress.com/posts/2015/08/17/whats-the-word-for-the-part-of-testing-thats-not-checking.html
https://testingcurve.wordpress.com/2015/09/06/two-styles-of-leadership-in-spreading-context-driven-testing-titanconf/,https://testingcurve.wordpress.com/posts/2015/09/06/two-styles-of-leadership-in-spreading-context-driven-testing-titanconf.html
https://testingcurve.wordpress.com/2015/11/15/why-the-testingchecking-debate-is-so-messy-a-fruit-salad-analogy/,https://testingcurve.wordpress.com/posts/2015/11/15/why-the-testingchecking-debate-is-so-messy-a-fruit-salad-analogy.html
https://testingcurve.wordpress.com/2016/01/03/regression-testing-it-means-less-than-you-think/,https://testingcurve.wordpress.com/posts/2016/01/03/regression-testing-it-means-less-than-you-think.html
https://testingcurve.wordpress.com/2017/02/05/testing-maturity-in-an-agilecdt-context/,https://testingcurve.wordpress.com/posts/2017/02/05/testing-maturity-in-an-agilecdt-context.html
https://testingcurve.wordpress.com/?p=383,https://testingcurve.wordpress.com/posts/383.html
https://testingcurve.wordpress.com/2018/12/04/manifesto-for-software-testing/,https://testingcurve.wordpress.com/posts/2018/12/04/manifesto-for-software-testing.html
https://testingcurve.wordpress.com/2018/12/22/reflections-on-my-testing-manifesto/,https://testingcurve.wordpress.com/posts/2018/12/22/reflections-on-my-testing-manifesto.html
https://testingcurve.wordpress.com/2019/01/29/test-strategy-primer/,https://testingcurve.wordpress.com/posts/2019/01/29/test-strategy-primer.html
https://testingcurve.wordpress.com/2019/04/28/solving-black-box-puzzle-31-with-data-analysis/,https://testingcurve.wordpress.com/posts/2019/04/28/solving-black-box-puzzle-31-with-data-analysis.html
https://testingcurve.wordpress.com/2019/06/08/how-this-tester-writes-code/,https://testingcurve.wordpress.com/posts/2019/06/08/how-this-tester-writes-code.html
https://testingcurve.wordpress.com/2019/08/05/your-ci-cd-pipeline-does-not-run-regression-tests/,https://testingcurve.wordpress.com/posts/2019/08/05/your-ci-cd-pipeline-does-not-run-regression-tests.html
https://testingcurve.wordpress.com/2019/08/26/getting-name-from-name-name-in-python-an-engineering-problem/,https://testingcurve.wordpress.com/posts/2019/08/26/getting-name-from-name-name-in-python-an-engineering-problem.html
https://testingcurve.wordpress.com/2020/05/17/learning-clojure-a-blog-post-series/,https://testingcurve.wordpress.com/posts/2020/05/17/learning-clojure-a-blog-post-series.html
https://testingcurve.wordpress.com/2020/07/19/its-time-to-retire-our-test-case-management-tools/,https://testingcurve.wordpress.com/posts/2020/07/19/its-time-to-retire-our-test-case-management-tools.html
https://testingcurve.wordpress.com/tag/exploration,/categories/exploration/
https://testingcurve.wordpress.com/tag/advice,/categories/advice/
https://testingcurve.wordpress.com/tag/iso29119,/categories/iso29119/
https://testingcurve.wordpress.com/tag/first,/categories/first/
https://testingcurve.wordpress.com/tag/learning-curve,/categories/learning-curve/
https://testingcurve.wordpress.com/tag/workshop,/categories/workshop/
https://testingcurve.wordpress.com/tag/devops,/categories/devops/
https://testingcurve.wordpress.com/tag/agile,/categories/agile/
https://testingcurve.wordpress.com/tag/measurements,/categories/measurements/
https://testingcurve.wordpress.com/tag/test-reporting,/categories/test-reporting/
https://testingcurve.wordpress.com/tag/semantics,/categories/semantics/
https://testingcurve.wordpress.com/tag/testing-skills,/categories/testing-skills/
https://testingcurve.wordpress.com/tag/python,/categories/python/
https://testingcurve.wordpress.com/tag/spreadsheets,/categories/spreadsheets/
https://testingcurve.wordpress.com/tag/model,/categories/model/
https://testingcurve.wordpress.com/tag/philosophy-of-testing,/categories/philosophy-of-testing/
https://testingcurve.wordpress.com/tag/cdt,/categories/cdt/
https://testingcurve.wordpress.com/tag/notserious,/categories/notserious/
https://testingcurve.wordpress.com/tag/project-management,/categories/project-management/
https://testingcurve.wordpress.com/tag/terminology,/categories/terminology/
https://testingcurve.wordpress.com/tag/verification,/categories/verification/
https://testingcurve.wordpress.com/tag/manifesto,/categories/manifesto/
https://testingcurve.wordpress.com/tag/leadership,/categories/leadership/
https://testingcurve.wordpress.com/tag/tools,/categories/tools/
https://testingcurve.wordpress.com/tag/cicd,/categories/cicd/
https://testingcurve.wordpress.com/tag/testing,/categories/testing/
https://testingcurve.wordpress.com/tag/clojure,/categories/clojure/
https://testingcurve.wordpress.com/tag/validation,/categories/validation/
https://testingcurve.wordpress.com/tag/unix,/categories/unix/
https://testingcurve.wordpress.com/tag/vipt,/categories/vipt/
https://testingcurve.wordpress.com/tag/vba,/categories/vba/
https://testingcurve.wordpress.com/tag/testing-checking,/categories/testing-checking/
https://testingcurve.wordpress.com/tag/information-debt,/categories/information-debt/
https://testingcurve.wordpress.com/tag/regression-testing,/categories/regression-testing/
https://testingcurve.wordpress.com/tag/automation,/categories/automation/
https://testingcurve.wordpress.com/tag/rantish,/categories/rantish/
https://testingcurve.wordpress.com/tag/code,/categories/code/
https://testingcurve.wordpress.com/tag/five,/categories/five/
https://testingcurve.wordpress.com/tag/reviews,/categories/reviews/
https://testingcurve.wordpress.com/tag/maturity,/categories/maturity/
https://testingcurve.wordpress.com/tag/blackboxpuzzle,/categories/blackboxpuzzle/
https://testingcurve.wordpress.com/tag/intro,/categories/intro/
https://testingcurve.wordpress.com/tag/context-driven-testing,/categories/context-driven-testing/
https://testingcurve.wordpress.com/tag/irony,/categories/irony/
https://testingcurve.wordpress.com/tag/teaching-testing,/categories/teaching-testing/
https://testingcurve.wordpress.com/tag/schools-of-testing,/categories/schools-of-testing/
https://testingcurve.wordpress.com/tag/seman,/categories/seman/
https://testingcurve.wordpress.com/tag/pandas,/categories/pandas/
https://testingcurve.wordpress.com/tag/standards,/categories/standards/
https://testingcurve.wordpress.com/tag/epistemology,/categories/epistemology/
https://testingcurve.wordpress.com/tag/test-cases,/categories/test-cases/
https://testingcurve.wordpress.com/tag/documentation,/categories/documentation/
https://testingcurve.wordpress.com/tag/context-driven,/categories/context-driven/
https://testingcurve.wordpress.com/tag/test-management,/categories/test-management/
https://testingcurve.wordpress.com/tag/titanconf,/categories/titanconf/
https://testingcurve.wordpress.com/tag/learning,/categories/learning/
https://testingcurve.wordpress.com/tag/test-automation,/categories/test-automation/
https://testingcurve.wordpress.com/tag/conference,/categories/conference/
https://testingcurve.wordpress.com/tag/craftsmanship,/categories/craftsmanship/
https://testingcurve.wordpress.com/tag/systems-thinking,/categories/systems-thinking/
https://testingcurve.wordpress.com/tag/leftover-thoughts,/categories/leftover-thoughts/
https://testingcurve.wordpress.com/tag/change,/categories/change/
https://testingcurve.wordpress.com/tag/programming,/categories/programming/
https://testingcurve.wordpress.com/tag/progr,/categories/progr/
https://testingcurve.wordpress.com/tag/meta,/categories/meta/
https://testingcurve.wordpress.com/tag/pra,/categories/pra/
https://testingcurve.wordpress.com/tag/test-strategy,/categories/test-strategy/
https://testingcurve.wordpress.com/tag/scripted-testing,/categories/scripted-testing/
https://testingcurve.wordpress.com/tag/letstest,/categories/letstest/
https://testingcurve.wordpress.com/tag/cop-out,/categories/cop-out/
https://testingcurve.wordpress.com/tag/exploratory-testing,/categories/exploratory-testing/
https://testingcurve.wordpress.com/tag/models,/categories/models/
https://testingcurve.wordpress.com/tag/dewt,/categories/dewt/
